<?xml version="1.0" encoding="utf-8"?>
<permissions>
    <privapp-permissions package="com.google.android.gms">
        <permission name="android.permission.ACCESS_BACKGROUND_LOCATION"/>
        <permission name="android.permission.ACCESS_COARSE_LOCATION"/>
        <permission name="android.permission.ACCESS_FINE_LOCATION"/>
        <permission name="android.permission.BLUETOOTH_ADVERTISE"/>
        <permission name="android.permission.BLUETOOTH_CONNECT"/>
        <permission name="android.permission.BLUETOOTH_SCAN"/>
        <permission name="android.permission.BODY_SENSORS"/>
        <permission name="android.permission.BODY_SENSORS_BACKGROUND"/>
        <permission name="android.permission.CHANGE_DEVICE_IDLE_TEMP_WHITELIST"/>
		<permission name="android.permission.FAKE_PACKAGE_SIGNATURE"/>
		<permission name="android.permission.GET_ACCOUNTS"/>
		<permission name="android.permission.INSTALL_LOCATION_PROVIDER"/>
		<permission name="android.permission.LOCATION_HARDWARE"/>
		<permission name="android.permission.MANAGE_USB"/>
		<permission name="android.permission.MODIFY_PHONE_STATE"/>
		<permission name="android.permission.NETWORK_SCAN"/>
		<permission name="android.permission.POST_NOTIFICATIONS"/>
		<permission name="android.permission.READ_CONTACTS"/>
		<permission name="android.permission.READ_EXTERNAL_STORAGE"/>
		<permission name="android.permission.READ_MEDIA_AUDIO"/>
		<permission name="android.permission.READ_MEDIA_IMAGES"/>
		<permission name="android.permission.READ_MEDIA_VIDEO"/>
		<permission name="android.permission.READ_MEDIA_VISUAL_USER_SELECTED"/>
		<permission name="android.permission.READ_PHONE_STATE"/>
		<permission name="android.permission.RECEIVE_SMS"/>
		<permission name="android.permission.START_ACTIVITIES_FROM_BACKGROUND"/>
		<permission name="android.permission.SYSTEM_ALERT_WINDOW"/>
		<permission name="android.permission.UPDATE_APP_OPS_STATS"/>
		<permission name="android.permission.UPDATE_DEVICE_STATS"/>
		<permission name="android.permission.WATCH_APPOPS"/>
		<permission name="android.permission.WRITE_EXTERNAL_STORAGE"/>
    </privapp-permissions>

    <privapp-permissions package="com.android.vending">
		<permission name="android.permission.ACCESS_COARSE_LOCATION"/>
		<permission name="android.permission.FAKE_PACKAGE_SIGNATURE"/>
		<permission name="android.permission.POST_NOTIFICATIONS"/>
		<permission name="android.permission.INTERNET"/>
		<permission name="android.permission.ACCESS_NETWORK_STATE"/>
    </privapp-permissions>

    <privapp-permissions package="com.looker.droidify">
        <permission name="android.permission.ACCESS_NETWORK_STATE"/>
		<permission name="android.permission.ENFORCE_UPDATE_OWNERSHIP"/>
		<permission name="android.permission.FOREGROUND_SERVICE_DATA_SYNC"/>
		<permission name="android.permission.INTERNET"/>
		<permission name="android.permission.RECEIVE_BOOT_COMPLETED"/>
		<permission name="android.permission.REQUEST_DELETE_PACKAGES"/>
		<permission name="android.permission.REQUEST_IGNORE_BATTERY_OPTIMIZATIONS"/>
		<permission name="android.permission.RUN_USER_INITIATED_JOBS"/>
		<permission name="aandroid.permission.UPDATE_PACKAGES_WITHOUT_USER_ACTION"/>
		<permission name="android.permission.WAKE_LOCK"/>
		<permission name="android.permission.REQUEST_INSTALL_PACKAGES"/>
		<permission name="android.permission.POST_NOTIFICATIONS"/>
    </privapp-permissions>
</permissions>
