<?xml version="1.0" encoding="utf-8"?>
<permissions>
    <privapp-permissions package="org.fdroid.fdroid.privileged">
        <permission name="android.permission.DELETE_PACKAGES"/>
        <permission name="android.permission.INSTALL_PACKAGES"/>
</privapp-permissions>

    <privapp-permissions package="org.fdroid.fdroid">
        <permission name="android.permission.INTERNET"/>
	<permission name="android.permission.ACCESS_NETWORK_STATE"/>
	<permission name="android.permission.ACCESS_WIFI_STATE"/>
	<permission name="android.permission.CHANGE_WIFI_MULTICAST_STATE"/>
	<permission name="android.permission.CHANGE_NETWORK_STATE"/>
	<permission name="android.permission.CHANGE_WIFI_STATE"/>
	<permission name="android.permission.BLUETOOTH"/>
	<permission name="android.permission.BLUETOOTH_ADMIN"/>
	<permission name="android.permission.RECEIVE_BOOT_COMPLETED"/>
	<permission name="android.permission.READ_EXTERNAL_STORAGE"/>
	<permission name="android.permission.WRITE_EXTERNAL_STORAGE"/>
	<permission name="android.permission.WRITE_SETTINGS"/>
	<permission name="android.permission.NFC"/>
	<permission name="android.permission.USB_PERMISSION"/>
	<permission name="android.permission.WAKE_LOCK"/>
	<permission name="android.permission.ACCESS_COARSE_LOCATION"/>
	<permission name="android.permission.FOREGROUND_SERVICE"/>
	<permission name=""/>
    </privapp-permissions>
</permissions>

