<?xml version="1.0" encoding="utf-8"?>
<config>
    <allow-in-power-save package="com.google.android.gms" />
    <allow-in-data-usage-save package="com.google.android.gms" />
    <allow-unthrottled-location package="com.google.android.gms" />
    <allow-in-power-save-except-idle package="com.android.vending" />
    <allow-in-power-save-except-idle package="org.fdroid.fdroid" />
    <allow-implicit-broadcast action="com.google.android.checkin.CHECKIN_COMPLETE" />
    <allow-implicit-broadcast action="com.google.gservices.intent.action.GSERVICES_CHANGED" />
    <allow-implicit-broadcast action="com.google.gservices.intent.action.GSERVICES_OVERRIDE" />
    <allow-implicit-broadcast action="com.google.android.c2dm.intent.RECEIVE" />
    <app-link package="com.android.vending" />
    <app-link package="com.google.android.gms" />
    <app-link package="com.google.android.gsf" />
    <rollback-whitelisted-app package="com.android.vending" />
    <system-user-whitelisted-app package="com.android.vending" />
    <system-user-whitelisted-app package="com.google.android.gms" />
    <system-user-whitelisted-app package="com.google.android.gsf" />
    <system-user-whitelisted-app package="org.fdroid.fdroid.privileged" />
    <allow-unthrottled-location package="org.microg.nlp.backend.apple" />
    <allow-unthrottled-location package="org.microg.nlp.backend.ichnaea" />
    <allow-unthrottled-location package="org.microg.nlp.backend.nominatim" />
    <allow-unthrottled-location package="org.radiocells.unifiedNlp" />
    <allow-unthrottled-location package="org.fitchfamily.android.wifi_backend" />
    <allow-unthrottled-location package="org.fitchfamily.android.gsmlocation" />
    <allow-unthrottled-location package="org.fitchfamily.android.dejavu" />
</config>
